Город,Приют / организация,Тип,Приоритет,Канал связи,Контакт,Ссылка,Статус,Дата первого сообщения,Дата ответа,Что болит больше всего,Чем уже пользуются,Согласие на карточки,Кол-во карточек получено,Куратор / кто отвечает,Заметки,Следующий шаг
Москва,Некрасовка (волонтёры),Муниципальный + волонтёры,1,Email / телефон,margaritkaag@gmail.com ; +7 910 440-28-24,https://nekrasovka-priut.ru/,Написали,,,,,"","",Пилот Москва,Follow-up + предложить визит волонтёром
Москва,Приют ЮАО,Муниципальный,1,Email / Telegram,uao-priut@mail.ru,https://t.me/uao_priut_chat,Написали,,,,,"","",Пилот Москва,Follow-up в Telegram-чат / email
Москва,Ласковый зверь,Частный приют,1,Email / Telegram,shelter@lzmsk.ru ; +7 926 600-70-39,https://lzmsk.ru/,Написали,,,,,"","",Пилот Москва,Короткий пинг + визит
Москва,Искра (волонтёры),Муниципальный + волонтёры,1,Телефон,Елена +7 915 255-13-23,https://priutiskra.ru/kontakty/,Написали,,,,,"","",Пилот Москва,Позвонить / написать про волонтёрский день
Екатеринбург,Кот Леопольд,Частный приют,9,Telegram / VK,@KLeopold_ekb ; +7 908 633-70-73,https://t.me/KLeopold_ekb,На паузе,,,,,"","",ЕКБ без визитов пока,Не трогать до онлайна/возможности
Екатеринбург,ЗООзащита,Фонд,9,Email,zooekb69@gmail.com ; +7 963 032-55-03,https://zooekb.ru/,На паузе,,,,,"","",ЕКБ без визитов пока,Не трогать
Екатеринбург,Марс,Приют,9,Telegram / телефон,+7 908 911-10-09,https://t.me/PriyutMars,На паузе,,,,,"","",ЕКБ без визитов пока,Не трогать
Екатеринбург,ЦРЖ УрГАУ,Центр реабилитации,9,Телефон / сайт,+7 912 667-00-70,https://www.crg-ekb.ru/,На паузе,,,,,"","",ЕКБ без визитов пока,Не трогать
Екатеринбург,Кошачье Сердце,Временный дом (кошки),9,VK,+7 982 686-50-98 (уточнять в группе),https://vk.com/club86836872,На паузе,,,,,"","",ЕКБ без визитов пока,Не трогать
